observation_date,RGDP,Consumption,Investment,Government,Netex
1995-01-01,"142,787.60","73,527.10","40,131.90","43,200.10","-5,468.00"
1995-04-01,"145,755.50","73,443.50","40,700.80","43,517.30","-4,252.10"
1995-07-01,"147,479.10","75,137.20","40,403.50","42,786.50","-3,631.10"
1995-10-01,"148,423.60","76,622.20","42,201.20","43,388.40","-6,097.20"
1996-01-01,"150,162.20","77,359.10","43,810.60","43,588.30","-5,706.10"
1996-04-01,"152,955.20","77,611.60","44,284.70","44,518.10","-6,361.00"
1996-07-01,"155,037.90","78,361.00","45,702.20","45,229.30","-5,357.30"
1996-10-01,"157,475.10","78,708.30","45,296.00","45,612.60","-4,730.50"
1997-01-01,"159,323.00","80,091.10","45,326.20","45,940.70","-4,432.50"
1997-04-01,"159,397.20","81,223.90","45,053.60","45,840.40","-4,275.50"
1997-07-01,"159,549.40","81,265.40","45,363.80","46,022.20","-3,588.00"
1997-10-01,"162,430.40","82,513.10","45,146.20","46,060.60","-3,624.10"
1998-01-01,"165,599.10","83,463.50","44,750.50","46,504.20","-3,691.30"
1998-04-01,"164,808.10","85,280.50","44,197.90","46,729.60","-1,925.20"
1998-07-01,"166,364.50","85,898.40","43,685.70","47,026.10","-3,094.60"
1998-10-01,"167,063.10","86,527.20","43,245.70","46,826.70","-2,868.50"
1999-01-01,"167,281.70","87,823.70","43,259.70","47,050.30","-3,785.60"
1999-04-01,"172,720.30","88,707.90","44,631.60","47,602.60","-4,886.50"
1999-07-01,"173,268.60","90,600.40","44,087.80","48,023.00","-3,983.80"
1999-10-01,"176,743.40","91,564.20","44,677.60","48,485.60","-2,487.60"
2000-01-01,"178,878.60","93,455.90","45,307.70","48,072.60","-1,524.80"
2000-04-01,"185,421.30","95,449.40","45,070.70","48,200.20",328.70
2000-07-01,"191,287.60","96,701.10","45,334.40","48,274.70","8,703.90"
2000-10-01,"191,748.40","96,426.80","45,890.00","49,054.10","-2,786.80"
2001-01-01,"189,891.60","96,891.30","45,224.70","49,670.40","-2,575.00"
2001-04-01,"188,305.20","96,732.60","45,716.30","49,796.60","-3,201.50"
2001-07-01,"186,271.30","97,349.00","44,839.30","49,676.00","-2,334.90"
2001-10-01,"185,477.60","97,687.20","44,161.30","51,723.60","-2,864.00"
2002-01-01,"187,004.50","98,443.80","43,718.40","51,889.10","-3,861.20"
2002-04-01,"187,072.90","98,316.60","43,977.00","52,317.50","-3,386.60"
2002-07-01,"187,189.40","97,606.00","42,806.90","52,515.10","-2,765.90"
2002-10-01,"187,100.00","98,459.70","42,990.40","52,666.40","-2,018.30"
2003-01-01,"189,712.00","97,854.90","42,956.00","52,244.20","1,325.90"
2003-04-01,"188,718.40","98,556.00","41,554.00","51,140.40",-123.80
2003-07-01,"190,061.20","99,951.00","40,585.70","51,312.50",797.90
2003-10-01,"191,333.60","100,700.60","40,330.20","50,703.20","3,228.10"
2004-01-01,"194,134.20","101,718.40","41,738.10","50,393.50","2,540.30"
2004-04-01,"196,595.60","102,780.60","40,047.00","51,230.10","4,687.50"
2004-07-01,"199,383.50","103,489.70","39,645.10","50,831.30","4,645.20"
2004-10-01,"201,754.80","105,486.70","42,072.30","50,709.60","5,683.10"
2005-01-01,"204,164.10","106,254.30","40,768.10","51,413.30","4,994.70"
2005-04-01,"206,189.00","107,364.20","43,071.80","51,725.80","4,501.50"
2005-07-01,"208,651.80","108,447.20","43,849.40","51,827.30","5,858.80"
2005-10-01,"212,557.80","108,569.90","43,196.50","52,365.40","6,774.70"
2006-01-01,"215,617.10","111,646.60","43,511.00","51,853.60","4,674.10"
2006-04-01,"219,673.50","112,295.20","45,041.20","52,359.40","8,610.00"
2006-07-01,"218,356.50","112,558.50","47,083.90","53,584.90","8,633.00"
2006-10-01,"222,230.40","114,515.20","47,308.90","53,853.50","5,635.00"
2007-01-01,"226,793.40","116,777.40","47,279.80","53,796.50","7,898.30"
2007-04-01,"230,047.90","120,816.20","48,600.80","55,311.80","8,227.00"
2007-07-01,"234,808.40","120,213.80","52,894.60","55,215.60","5,991.20"
2007-10-01,"238,708.20","120,542.20","50,776.10","55,126.00","7,715.90"
2008-01-01,"239,398.50","120,847.40","52,394.40","55,498.50","11,200.20"
2008-04-01,"240,004.00","122,251.10","52,577.00","55,481.40","10,020.30"
2008-07-01,"240,536.60","122,558.90","51,336.70","55,577.90","10,652.80"
2008-10-01,"239,108.60","121,746.00","50,742.40","56,070.00","8,992.80"
2009-01-01,"240,023.20","121,712.00","50,977.80","56,978.60","8,581.30"
2009-04-01,"242,148.60","122,593.00","50,555.10","57,768.30","11,676.90"
2009-07-01,"243,963.50","124,610.00","49,882.70","58,472.70","8,276.40"
2009-10-01,"246,707.50","126,522.60","51,246.40","58,701.70","11,908.70"
2010-01-01,"250,720.40","127,002.50","51,643.70","58,963.30","12,466.60"
2010-04-01,"254,803.20","128,061.80","53,803.90","59,057.00","13,510.60"
2010-07-01,"257,523.50","130,556.60","55,439.30","59,400.70","10,980.90"
2010-10-01,"261,622.40","132,505.10","58,077.50","60,193.90","9,974.60"
2011-01-01,"266,189.00","134,228.40","58,433.90","60,699.10","10,908.30"
2011-04-01,"268,522.70","134,059.70","60,255.40","61,112.40","11,339.10"
2011-07-01,"273,889.00","135,056.30","62,191.00","61,746.50","11,627.60"
2011-10-01,"275,585.70","134,933.10","63,219.00","61,971.20","9,597.40"
2012-01-01,"273,515.20","136,353.00","64,970.70","61,984.80","1,542.00"
2012-04-01,"275,876.60","137,892.20","63,922.40","63,103.30","12,804.90"
2012-07-01,"279,124.20","138,092.40","63,797.70","63,108.10","11,714.10"
2012-10-01,"279,278.40","139,357.70","63,498.90","64,409.80","10,214.20"
2013-01-01,"283,269.70","140,151.50","64,472.50","64,743.80","15,553.30"
2013-04-01,"287,905.60","141,953.20","64,859.50","65,534.20","16,367.50"
2013-07-01,"290,479.80","143,047.70","66,261.60","66,179.30","11,373.30"
2013-10-01,"293,244.40","143,782.60","65,794.00","66,201.00","14,478.30"
2014-01-01,"297,315.30","145,308.90","64,918.10","66,999.80","13,674.90"
2014-04-01,"298,786.80","146,206.10","65,181.10","66,768.50","12,440.70"
2014-07-01,"300,857.70","146,718.70","65,083.10","69,344.10","13,107.20"
2014-10-01,"305,196.40","150,531.10","66,470.20","69,395.10","14,034.40"
2015-01-01,"304,962.30","150,436.20","64,424.10","69,581.90","12,537.20"
2015-04-01,"306,187.60","151,207.50","65,239.80","69,231.80","12,460.70"
2015-07-01,"306,536.50","153,013.70","65,329.80","70,029.30","11,274.20"
2015-10-01,"308,543.80","155,554.40","66,499.30","71,242.80","8,841.40"
2016-01-01,"309,006.60","157,123.80","68,718.20","71,771.90","8,458.70"
2016-04-01,"318,356.20","161,683.00","71,829.10","73,289.90","6,681.80"
2016-07-01,"321,250.60","162,774.80","74,397.80","73,624.00","3,508.60"
2016-10-01,"325,667.80","162,635.50","73,937.80","74,189.20","6,497.10"
2017-01-01,"326,864.40","164,164.60","72,118.00","74,994.90","10,706.50"
2017-04-01,"330,368.10","165,954.40","74,405.30","75,597.40","7,984.70"
2017-07-01,"335,895.20","169,065.30","76,449.70","75,298.60","5,131.80"
2017-10-01,"340,362.30","169,347.80","77,347.10","77,426.30","8,690.80"
2018-01-01,"343,925.20","171,824.50","81,415.50","78,538.20","6,057.70"
2018-04-01,"345,948.10","171,447.00","81,128.50","77,554.40","6,728.90"
2018-07-01,"348,494.00","172,338.60","80,044.60","79,053.70","10,962.10"
2018-10-01,"351,989.50","175,605.00","81,595.10","79,469.00","7,833.20"
2019-01-01,"358,270.30","179,082.30","83,152.80","79,845.90","10,089.80"
2019-04-01,"356,928.00","178,005.60","81,777.70","80,921.20","10,438.20"
2019-07-01,"360,568.50","179,199.60","82,985.50","81,450.50","5,719.20"
2019-10-01,"363,304.40","181,777.40","85,443.60","81,334.20","4,305.60"
2020-01-01,"356,643.10","173,012.90","81,258.40","78,864.80","7,451.80"
2020-04-01,"328,501.70","152,976.20","75,560.40","80,823.50","8,302.40"
2020-07-01,"357,161.40","167,254.10","80,012.00","83,595.50","20,624.40"
2020-10-01,"366,918.30","170,703.10","88,097.10","85,574.20","8,231.80"
2021-01-01,"369,110.10","175,559.00","87,741.60","84,095.10","8,866.10"
2021-04-01,"382,116.60","181,880.00","90,150.40","86,388.40","7,770.80"
2021-07-01,"388,469.90","185,408.70","93,043.30","86,785.40","9,274.90"
2021-10-01,"406,494.30","190,734.70","97,803.30","89,784.60","10,199.80"
2022-01-01,"403,858.50","193,889.20","98,664.50","86,802.10","5,547.20"
2022-04-01,"411,036.70","197,278.50","100,806.60","87,233.10","7,453.60"
2022-07-01,"410,300.30","194,764.50","104,995.40","88,028.60","8,275.40"
2022-10-01,"418,175.60","199,010.70","106,137.70","87,717.10","8,297.50"
2023-01-01,"422,943.40","199,458.50","108,057.00","88,520.50","10,495.20"
2023-04-01,"426,103.00","197,496.60","108,005.20","89,585.90","11,585.50"
2023-07-01,"425,280.80","196,892.80","108,256.20","91,166.40","16,640.50"
2023-10-01,"401,707.30","182,938.90","80,920.00","106,332.90","19,979.00"
2024-01-01,"415,703.90","194,167.80","89,930.90","105,277.50","9,609.70"
2024-04-01,"417,875.70","196,435.30","90,776.40","104,558.70","10,837.60"
2024-07-01,"422,431.90","203,035.20","97,086.00","103,102.00","9,445.80"
2024-10-01,"424,448.40","207,324.90","98,843.20","105,631.60","8,871.60"
2025-01-01,"429,416.30","203,443.10","101,131.30","106,116.00","7,517.70"
2025-04-01,"424,691.00","198,154.30","98,206.70","106,113.00","3,825.80"
2025-07-01,"437,293.40","208,980.00","106,230.90","107,252.60","5,688.90"